{
  "known_locations": {
    "Cape Canaveral": { "lat": 28.3922, "lon": -80.6077, "countryCode": "US", "name": "Cape Canaveral, Florida" },
    "Kennedy Space Center": { "lat": 28.5721, "lon": -80.6480, "countryCode": "US", "name": "Kennedy Space Center, Florida" },
    "Vandenberg": { "lat": 34.7420, "lon": -120.5724, "countryCode": "US", "name": "Vandenberg SFB, California" },
    "Baikonur": { "lat": 45.9647, "lon": 63.3050, "countryCode": "KZ", "name": "Baikonur Cosmodrome, Kazakhstan" },
    "Jiuquan": { "lat": 40.9600, "lon": 100.2980, "countryCode": "CN", "name": "Jiuquan Satellite Launch Center, China" },
    "Wenchang": { "lat": 19.6145, "lon": 110.9510, "countryCode": "CN", "name": "Wenchang Space Launch Site, China" },
    "Tanegashima": { "lat": 30.4000, "lon": 131.0000, "countryCode": "JP", "name": "Tanegashima Space Center, Japan" },
    "Kourou": { "lat": 5.2360, "lon": -52.7690, "countryCode": "GF", "name": "Guiana Space Centre, French Guiana" },
    "Sriharikota": { "lat": 13.7199, "lon": 80.2304, "countryCode": "IN", "name": "Satish Dhawan Space Centre, India" },
    "Seoul": { "lat": 37.5665, "lon": 126.9780, "countryCode": "KR", "name": "Seoul, South Korea" },
    "Pyongyang": { "lat": 39.0392, "lon": 125.7625, "countryCode": "KP", "name": "Pyongyang, North Korea" },
    "San Francisco": { "lat": 37.7749, "lon": -122.4194, "countryCode": "US", "name": "San Francisco, California" },
    "Silicon Valley": { "lat": 37.3861, "lon": -122.0839, "countryCode": "US", "name": "Silicon Valley, California" },
    "Mountain View": { "lat": 37.3861, "lon": -122.0839, "countryCode": "US", "name": "Mountain View, California" },
    "Cupertino": { "lat": 37.3230, "lon": -122.0322, "countryCode": "US", "name": "Cupertino, California" },
    "Menlo Park": { "lat": 37.4530, "lon": -122.1817, "countryCode": "US", "name": "Menlo Park, California" },
    "Palo Alto": { "lat": 37.4419, "lon": -122.1430, "countryCode": "US", "name": "Palo Alto, California" },
    "New York": { "lat": 40.7128, "lon": -74.0060, "countryCode": "US", "name": "New York, USA" },
    "London": { "lat": 51.5072, "lon": -0.1276, "countryCode": "GB", "name": "London, United Kingdom" },
    "Tokyo": { "lat": 35.6762, "lon": 139.6503, "countryCode": "JP", "name": "Tokyo, Japan" },
    "Beijing": { "lat": 39.9042, "lon": 116.4074, "countryCode": "CN", "name": "Beijing, China" },
    "Shanghai": { "lat": 31.2304, "lon": 121.4737, "countryCode": "CN", "name": "Shanghai, China" },
    "Shenzhen": { "lat": 22.5431, "lon": 114.0579, "countryCode": "CN", "name": "Shenzhen, China" },
    "Berlin": { "lat": 52.5200, "lon": 13.4050, "countryCode": "DE", "name": "Berlin, Germany" },
    "Munich": { "lat": 48.1351, "lon": 11.5820, "countryCode": "DE", "name": "Munich, Germany" },
    "Paris": { "lat": 48.8566, "lon": 2.3522, "countryCode": "FR", "name": "Paris, France" },
    "Brussels": { "lat": 50.8503, "lon": 4.3517, "countryCode": "BE", "name": "Brussels, Belgium" },
    "Amsterdam": { "lat": 52.3676, "lon": 4.9041, "countryCode": "NL", "name": "Amsterdam, Netherlands" },
    "Stockholm": { "lat": 59.3293, "lon": 18.0686, "countryCode": "SE", "name": "Stockholm, Sweden" },
    "Helsinki": { "lat": 60.1699, "lon": 24.9384, "countryCode": "FI", "name": "Helsinki, Finland" },
    "Zurich": { "lat": 47.3769, "lon": 8.5417, "countryCode": "CH", "name": "Zurich, Switzerland" },
    "Singapore": { "lat": 1.3521, "lon": 103.8198, "countryCode": "SG", "name": "Singapore" },
    "Taipei": { "lat": 25.0330, "lon": 121.5654, "countryCode": "TW", "name": "Taipei, Taiwan" },
    "Hsinchu": { "lat": 24.8138, "lon": 120.9675, "countryCode": "TW", "name": "Hsinchu, Taiwan" },
    "Tel Aviv": { "lat": 32.0853, "lon": 34.7818, "countryCode": "IL", "name": "Tel Aviv, Israel" },
    "Bangalore": { "lat": 12.9716, "lon": 77.5946, "countryCode": "IN", "name": "Bangalore, India" },
    "Mumbai": { "lat": 19.0760, "lon": 72.8777, "countryCode": "IN", "name": "Mumbai, India" },
    "Sydney": { "lat": -33.8688, "lon": 151.2093, "countryCode": "AU", "name": "Sydney, Australia" },
    "Toronto": { "lat": 43.6532, "lon": -79.3832, "countryCode": "CA", "name": "Toronto, Canada" },
    "Montreal": { "lat": 45.5017, "lon": -73.5673, "countryCode": "CA", "name": "Montreal, Canada" },
    "Austin": { "lat": 30.2672, "lon": -97.7431, "countryCode": "US", "name": "Austin, Texas" },
    "Seattle": { "lat": 47.6062, "lon": -122.3321, "countryCode": "US", "name": "Seattle, Washington" },
    "Boston": { "lat": 42.3601, "lon": -71.0589, "countryCode": "US", "name": "Boston, Massachusetts" },
    "Los Angeles": { "lat": 34.0522, "lon": -118.2437, "countryCode": "US", "name": "Los Angeles, California" },
    "Washington DC": { "lat": 38.9072, "lon": -77.0369, "countryCode": "US", "name": "Washington DC, USA" },
    "Houston": { "lat": 29.7604, "lon": -95.3698, "countryCode": "US", "name": "Houston, Texas" },
    "NASA": { "lat": 29.5502, "lon": -95.0930, "countryCode": "US", "name": "NASA Johnson Space Center, Houston" },
    "SpaceX": { "lat": 25.9972, "lon": -97.1560, "countryCode": "US", "name": "SpaceX Starbase, Boca Chica" },
    "Zagreb": { "lat": 45.8150, "lon": 15.9819, "countryCode": "HR", "name": "Zagreb, Croatia" },
    "Dubai": { "lat": 25.2048, "lon": 55.2708, "countryCode": "AE", "name": "Dubai, UAE" },
    "Moscow": { "lat": 55.7558, "lon": 37.6173, "countryCode": "RU", "name": "Moscow, Russia" },
    "Redmond": { "lat": 47.6740, "lon": -122.1215, "countryCode": "US", "name": "Redmond, Washington" },
    "Detroit": { "lat": 42.3314, "lon": -83.0458, "countryCode": "US", "name": "Detroit, Michigan" },
    "Geneva": { "lat": 46.2044, "lon": 6.1432, "countryCode": "CH", "name": "Geneva, Switzerland" },
    "CERN": { "lat": 46.2330, "lon": 6.0557, "countryCode": "CH", "name": "CERN, Geneva" }
  },
  "company_hq": {
    "OpenAI": "San Francisco",
    "Google": "Mountain View",
    "Apple": "Cupertino",
    "Meta": "Menlo Park",
    "Microsoft": "Redmond",
    "Amazon": "Seattle",
    "Tesla": "Austin",
    "NVIDIA": "Silicon Valley",
    "TSMC": "Hsinchu",
    "Samsung": "Seoul",
    "SpaceX": "SpaceX",
    "NASA": "NASA",
    "Boston Dynamics": "Boston",
    "DeepMind": "London",
    "Anthropic": "San Francisco",
    "xAI": "San Francisco",
    "Mistral": "Paris",
    "Stability AI": "London",
    "Huawei": "Shenzhen",
    "Tencent": "Shenzhen",
    "Alibaba": "Shanghai",
    "ByteDance": "Beijing",
    "Sony": "Tokyo",
    "Nintendo": "Tokyo",
    "Valve": "Seattle",
    "Epic Games": "Los Angeles"
  }
}
